<?xml version="1.0" encoding="UTF-8"?>
<mxGraphModel dx="827" dy="484" grid="1" gridSize="10" guides="1" tooltips="1" connect="1" arrows="1" fold="1" page="1" pageScale="1" pageWidth="560" pageHeight="480" background="#ffffff" math="0"><root><mxCell id="0"/><mxCell id="1" parent="0"/><mxCell id="2" value="Client" style="swimlane;html=1;fontStyle=1;align=center;verticalAlign=top;childLayout=stackLayout;horizontal=1;startSize=26;horizontalStack=0;resizeParent=1;resizeLast=0;collapsible=1;marginBottom=0;swimlaneFillColor=#ffffff;" vertex="1" parent="1"><mxGeometry x="270" y="40" width="250" height="160" as="geometry"/></mxCell><mxCell id="3" value="- host: string&lt;div&gt;- server_port: int&lt;/div&gt;&lt;div&gt;- connection: connection&lt;/div&gt;" style="text;html=1;strokeColor=none;fillColor=none;align=left;verticalAlign=top;spacingLeft=4;spacingRight=4;whiteSpace=wrap;overflow=hidden;rotatable=0;points=[[0,0.5],[1,0.5]];portConstraint=eastwest;" vertex="1" parent="2"><mxGeometry y="26" width="250" height="54" as="geometry"/></mxCell><mxCell id="4" value="" style="line;html=1;strokeWidth=1;fillColor=none;align=left;verticalAlign=middle;spacingTop=-1;spacingLeft=3;spacingRight=3;rotatable=0;labelPosition=right;points=[];portConstraint=eastwest;" vertex="1" parent="2"><mxGeometry y="80" width="250" height="8" as="geometry"/></mxCell><mxCell id="5" value="+ run(): void&lt;div&gt;+ disconnect(): void&lt;/div&gt;&lt;div&gt;+ recieve_message(message: json): json&lt;/div&gt;&lt;div&gt;+ send_payload(data: json): bool&lt;/div&gt;" style="text;html=1;strokeColor=none;fillColor=none;align=left;verticalAlign=top;spacingLeft=4;spacingRight=4;whiteSpace=wrap;overflow=hidden;rotatable=0;points=[[0,0.5],[1,0.5]];portConstraint=eastwest;" vertex="1" parent="2"><mxGeometry y="88" width="250" height="62" as="geometry"/></mxCell><mxCell id="25" style="edgeStyle=orthogonalEdgeStyle;rounded=0;html=1;exitX=0;exitY=0.5;entryX=0;entryY=0.5;jettySize=auto;orthogonalLoop=1;" edge="1" parent="2" source="5" target="5"><mxGeometry relative="1" as="geometry"/></mxCell><mxCell id="7" value="Client.py" style="swimlane;html=1;fontStyle=1;align=center;verticalAlign=top;childLayout=stackLayout;horizontal=1;startSize=26;horizontalStack=0;resizeParent=1;resizeLast=0;collapsible=1;marginBottom=0;swimlaneFillColor=#ffffff;" vertex="1" parent="1"><mxGeometry x="40" y="40" width="160" height="120" as="geometry"/></mxCell><mxCell id="8" value="- client: Client&lt;div&gt;-&amp;nbsp;&lt;span style=&quot;line-height: 1.2&quot;&gt;message_parser: MessageParser&lt;/span&gt;&lt;/div&gt;" style="text;html=1;strokeColor=none;fillColor=none;align=left;verticalAlign=top;spacingLeft=4;spacingRight=4;whiteSpace=wrap;overflow=hidden;rotatable=0;points=[[0,0.5],[1,0.5]];portConstraint=eastwest;" vertex="1" parent="7"><mxGeometry y="26" width="160" height="54" as="geometry"/></mxCell><mxCell id="9" value="" style="line;html=1;strokeWidth=1;fillColor=none;align=left;verticalAlign=middle;spacingTop=-1;spacingLeft=3;spacingRight=3;rotatable=0;labelPosition=right;points=[];portConstraint=eastwest;" vertex="1" parent="7"><mxGeometry y="80" width="160" height="8" as="geometry"/></mxCell><mxCell id="10" value="+ run(): void" style="text;html=1;strokeColor=none;fillColor=none;align=left;verticalAlign=top;spacingLeft=4;spacingRight=4;whiteSpace=wrap;overflow=hidden;rotatable=0;points=[[0,0.5],[1,0.5]];portConstraint=eastwest;" vertex="1" parent="7"><mxGeometry y="88" width="160" height="22" as="geometry"/></mxCell><mxCell id="12" style="edgeStyle=orthogonalEdgeStyle;rounded=0;html=1;exitX=1;exitY=0.5;entryX=-0.004;entryY=0.088;entryPerimeter=0;jettySize=auto;orthogonalLoop=1;" edge="1" parent="1" source="8" target="2"><mxGeometry relative="1" as="geometry"/></mxCell><mxCell id="17" value="MessageParser" style="swimlane;html=1;fontStyle=1;align=center;verticalAlign=top;childLayout=stackLayout;horizontal=1;startSize=26;horizontalStack=0;resizeParent=1;resizeLast=0;collapsible=1;marginBottom=0;swimlaneFillColor=#ffffff;" vertex="1" parent="1"><mxGeometry x="290" y="240" width="230" height="200" as="geometry"/></mxCell><mxCell id="18" value="&lt;div&gt;&lt;br&gt;&lt;/div&gt;" style="text;html=1;strokeColor=none;fillColor=none;align=left;verticalAlign=top;spacingLeft=4;spacingRight=4;whiteSpace=wrap;overflow=hidden;rotatable=0;points=[[0,0.5],[1,0.5]];portConstraint=eastwest;" vertex="1" parent="17"><mxGeometry y="26" width="230" height="26" as="geometry"/></mxCell><mxCell id="19" value="" style="line;html=1;strokeWidth=1;fillColor=none;align=left;verticalAlign=middle;spacingTop=-1;spacingLeft=3;spacingRight=3;rotatable=0;labelPosition=right;points=[];portConstraint=eastwest;" vertex="1" parent="17"><mxGeometry y="52" width="230" height="8" as="geometry"/></mxCell><mxCell id="20" value="+ parse(payload: json): void&lt;div&gt;&lt;span&gt;+ parse_error(payload: json): void&lt;/span&gt;&lt;br&gt;&lt;/div&gt;&lt;div&gt;&lt;span&gt;+ parse_info(payload: json): void&lt;/span&gt;&lt;span&gt;&lt;br&gt;&lt;/span&gt;&lt;/div&gt;&lt;div&gt;&lt;span&gt;+ parse_login(payload: json): void&lt;/span&gt;&lt;span&gt;&lt;br&gt;&lt;/span&gt;&lt;/div&gt;&lt;div&gt;&lt;span&gt;+ parse_logout(payload: json): void&lt;/span&gt;&lt;span&gt;&lt;br&gt;&lt;/span&gt;&lt;/div&gt;&lt;div&gt;&lt;span&gt;+ parse_names(payload: json): void&lt;/span&gt;&lt;span&gt;&lt;br&gt;&lt;/span&gt;&lt;/div&gt;&lt;div&gt;&lt;span&gt;+ parse_help(payload: json): void&lt;/span&gt;&lt;span&gt;&lt;br&gt;&lt;/span&gt;&lt;/div&gt;&lt;div&gt;&lt;span&gt;+ parse_history(payload: json): void&lt;/span&gt;&lt;span&gt;&lt;br&gt;&lt;/span&gt;&lt;/div&gt;&lt;div&gt;&lt;span&gt;+ parse_message(payload: json): void&lt;/span&gt;&lt;span&gt;&lt;br&gt;&lt;/span&gt;&lt;/div&gt;" style="text;html=1;strokeColor=none;fillColor=none;align=left;verticalAlign=top;spacingLeft=4;spacingRight=4;whiteSpace=wrap;overflow=hidden;rotatable=0;points=[[0,0.5],[1,0.5]];portConstraint=eastwest;" vertex="1" parent="17"><mxGeometry y="60" width="230" height="140" as="geometry"/></mxCell><mxCell id="21" style="edgeStyle=orthogonalEdgeStyle;rounded=0;html=1;exitX=1;exitY=0.5;entryX=1;entryY=0.5;jettySize=auto;orthogonalLoop=1;" edge="1" parent="17" source="20" target="20"><mxGeometry relative="1" as="geometry"/></mxCell><mxCell id="24" style="edgeStyle=orthogonalEdgeStyle;rounded=0;html=1;exitX=0;exitY=0.5;entryX=0;entryY=0.5;jettySize=auto;orthogonalLoop=1;" edge="1" parent="1" source="5" target="20"><mxGeometry relative="1" as="geometry"/></mxCell><mxCell id="26" value="Parsing the data recieved and make the parser decide how to handle it" style="text;html=1;strokeColor=none;fillColor=none;align=center;verticalAlign=middle;whiteSpace=wrap;overflow=hidden;" vertex="1" parent="1"><mxGeometry x="140" y="240" width="110" height="61" as="geometry"/></mxCell></root></mxGraphModel>