<?xml version="1.0" encoding="UTF-8"?>
<mxGraphModel dx="2018" dy="662" grid="1" gridSize="10" guides="1" tooltips="1" connect="1" arrows="1" fold="1" page="1" pageScale="1" pageWidth="826" pageHeight="1169" background="#ffffff" math="0"><root><mxCell id="0"/><mxCell id="1" parent="0"/><mxCell id="762b711b8eae626-26" value="Server" style="shape=umlLifeline;perimeter=lifelinePerimeter;whiteSpace=wrap;html=1;container=1;collapsible=0;recursiveResize=0;outlineConnect=0;" vertex="1" parent="1"><mxGeometry x="640" y="30" width="100" height="1090" as="geometry"/></mxCell><mxCell id="762b711b8eae626-24" value="MessageReciever" style="shape=umlLifeline;perimeter=lifelinePerimeter;whiteSpace=wrap;html=1;container=1;collapsible=0;recursiveResize=0;outlineConnect=0;size=50;" vertex="1" parent="1"><mxGeometry x="370" y="280" width="110" height="840" as="geometry"/></mxCell><mxCell id="762b711b8eae626-25" value="ClientHandler" style="shape=umlLifeline;perimeter=lifelinePerimeter;whiteSpace=wrap;html=1;container=1;collapsible=0;recursiveResize=0;outlineConnect=0;size=50;" vertex="1" parent="1"><mxGeometry x="510" y="280" width="110" height="840" as="geometry"/></mxCell><mxCell id="762b711b8eae626-22" value="Client" style="shape=umlLifeline;perimeter=lifelinePerimeter;whiteSpace=wrap;html=1;container=1;collapsible=0;recursiveResize=0;outlineConnect=0;size=50;" vertex="1" parent="1"><mxGeometry x="50" y="30" width="110" height="1090" as="geometry"/></mxCell><mxCell id="762b711b8eae626-32" value="input" style="html=1;verticalAlign=bottom;endArrow=block;entryX=-0.45;entryY=0.306;entryPerimeter=0;" edge="1" parent="762b711b8eae626-22" target="762b711b8eae626-6"><mxGeometry width="80" relative="1" as="geometry"><mxPoint x="10" y="450" as="sourcePoint"/><mxPoint x="90" y="450" as="targetPoint"/></mxGeometry></mxCell><mxCell id="762b711b8eae626-33" value="send_payload()" style="html=1;verticalAlign=bottom;endArrow=block;entryX=-0.017;entryY=0.146;entryPerimeter=0;" edge="1" parent="762b711b8eae626-22" target="762b711b8eae626-20"><mxGeometry x="-0.5546" y="10" width="80" relative="1" as="geometry"><mxPoint x="60" y="460" as="sourcePoint"/><mxPoint x="240" y="460" as="targetPoint"/><Array as="points"><mxPoint x="200" y="460"/></Array><mxPoint as="offset"/></mxGeometry></mxCell><mxCell id="762b711b8eae626-1" value="Client" style="html=1;" vertex="1" parent="1"><mxGeometry x="50" y="30" width="110" height="50" as="geometry"/></mxCell><mxCell id="762b711b8eae626-2" value="MessageParser" style="html=1;" vertex="1" parent="1"><mxGeometry x="240" y="30" width="110" height="50" as="geometry"/></mxCell><mxCell id="762b711b8eae626-5" value="" style="html=1;points=[];perimeter=orthogonalPerimeter;" vertex="1" parent="1"><mxGeometry x="100" y="131" width="10" height="69" as="geometry"/></mxCell><mxCell id="762b711b8eae626-6" value="" style="html=1;points=[];perimeter=orthogonalPerimeter;" vertex="1" parent="1"><mxGeometry x="100" y="217" width="10" height="863" as="geometry"/></mxCell><mxCell id="762b711b8eae626-7" value="__init__()" style="edgeStyle=orthogonalEdgeStyle;html=1;align=left;spacingLeft=2;endArrow=block;rounded=0;" edge="1" parent="1"><mxGeometry relative="1" as="geometry"><mxPoint x="110" y="190" as="sourcePoint"/><Array as="points"><mxPoint x="110" y="180"/><mxPoint x="140" y="180"/><mxPoint x="140" y="230"/></Array><mxPoint x="110" y="230" as="targetPoint"/></mxGeometry></mxCell><mxCell id="762b711b8eae626-9" value="" style="html=1;points=[];perimeter=orthogonalPerimeter;" vertex="1" parent="1"><mxGeometry x="685" y="131" width="10" height="949" as="geometry"/></mxCell><mxCell id="762b711b8eae626-12" value="run()" style="html=1;verticalAlign=bottom;endArrow=block;entryX=-0.4;entryY=0.2;entryPerimeter=0;" edge="1" parent="1" target="762b711b8eae626-15"><mxGeometry width="80" relative="1" as="geometry"><mxPoint x="110" y="250" as="sourcePoint"/><mxPoint x="645" y="250" as="targetPoint"/></mxGeometry></mxCell><mxCell id="762b711b8eae626-15" value="" style="html=1;points=[];perimeter=orthogonalPerimeter;" vertex="1" parent="1"><mxGeometry x="680" y="235" width="10" height="80" as="geometry"/></mxCell><mxCell id="762b711b8eae626-17" value="start" style="html=1;verticalAlign=bottom;endArrow=block;" edge="1" parent="1"><mxGeometry width="80" relative="1" as="geometry"><mxPoint x="680" y="300" as="sourcePoint"/><mxPoint x="620" y="303" as="targetPoint"/><Array as="points"/></mxGeometry></mxCell><mxCell id="762b711b8eae626-18" value="" style="html=1;points=[];perimeter=orthogonalPerimeter;" vertex="1" parent="1"><mxGeometry x="420" y="330" width="10" height="750" as="geometry"/></mxCell><mxCell id="762b711b8eae626-19" value="" style="curved=1;endArrow=classic;html=1;exitX=0.5;exitY=1;" edge="1" parent="1"><mxGeometry width="50" height="50" relative="1" as="geometry"><mxPoint x="564.6666666666667" y="328.16666666666697" as="sourcePoint"/><mxPoint x="570" y="390" as="targetPoint"/><Array as="points"><mxPoint x="600" y="340"/><mxPoint x="600" y="375"/></Array></mxGeometry></mxCell><mxCell id="762b711b8eae626-20" value="" style="html=1;points=[];perimeter=orthogonalPerimeter;" vertex="1" parent="1"><mxGeometry x="559" y="390" width="10" height="690" as="geometry"/></mxCell><mxCell id="762b711b8eae626-23" value="MessageParser" style="shape=umlLifeline;perimeter=lifelinePerimeter;whiteSpace=wrap;html=1;container=1;collapsible=0;recursiveResize=0;outlineConnect=0;size=50;" vertex="1" parent="1"><mxGeometry x="240" y="30" width="110" height="1090" as="geometry"/></mxCell><mxCell id="762b711b8eae626-49" value="String" style="html=1;verticalAlign=bottom;endArrow=open;dashed=1;endSize=8;exitX=1;exitY=1;exitPerimeter=0;" edge="1" parent="762b711b8eae626-23" source="762b711b8eae626-47"><mxGeometry y="20" relative="1" as="geometry"><mxPoint x="140" y="670" as="sourcePoint"/><mxPoint x="60" y="670" as="targetPoint"/><Array as="points"><mxPoint x="120" y="670"/></Array><mxPoint as="offset"/></mxGeometry></mxCell><mxCell id="762b711b8eae626-28" value="" style="line;html=1;strokeWidth=1;fillColor=none;align=left;verticalAlign=middle;spacingTop=-1;spacingLeft=3;spacingRight=3;rotatable=0;labelPosition=right;points=[];portConstraint=eastwest;" vertex="1" parent="1"><mxGeometry x="20" y="410" width="780" height="8" as="geometry"/></mxCell><mxCell id="762b711b8eae626-29" value="" style="line;html=1;strokeWidth=1;fillColor=none;align=left;verticalAlign=middle;spacingTop=-1;spacingLeft=3;spacingRight=3;rotatable=0;labelPosition=right;points=[];portConstraint=eastwest;" vertex="1" parent="1"><mxGeometry x="20" y="421" width="780" height="8" as="geometry"/></mxCell><mxCell id="762b711b8eae626-30" value="Actor" style="shape=umlActor;verticalLabelPosition=bottom;labelBackgroundColor=#ffffff;verticalAlign=top;html=1;" vertex="1" parent="1"><mxGeometry x="20" y="450" width="30" height="60" as="geometry"/></mxCell><mxCell id="762b711b8eae626-31" value="dispatch" style="html=1;verticalAlign=bottom;endArrow=block;" edge="1" parent="1"><mxGeometry width="80" relative="1" as="geometry"><mxPoint x="10" y="180" as="sourcePoint"/><mxPoint x="90" y="180" as="targetPoint"/></mxGeometry></mxCell><mxCell id="762b711b8eae626-35" value="parse()" style="html=1;verticalAlign=bottom;endArrow=block;entryX=1.033;entryY=0.183;entryPerimeter=0;" edge="1" parent="1" target="762b711b8eae626-47"><mxGeometry width="80" relative="1" as="geometry"><mxPoint x="310" y="600" as="sourcePoint"/><mxPoint x="320" y="611" as="targetPoint"/><Array as="points"><mxPoint x="390" y="600"/><mxPoint x="390" y="610"/></Array></mxGeometry></mxCell><mxCell id="762b711b8eae626-34" value="" style="html=1;points=[];perimeter=orthogonalPerimeter;" vertex="1" parent="1"><mxGeometry x="290" y="550" width="10" height="530" as="geometry"/></mxCell><mxCell id="762b711b8eae626-37" value="run()" style="html=1;verticalAlign=bottom;endArrow=block;exitX=0.986;exitY=0.104;exitPerimeter=0;entryX=0;entryY=0.033;entryPerimeter=0;" edge="1" parent="1" source="762b711b8eae626-6" target="762b711b8eae626-24"><mxGeometry width="80" relative="1" as="geometry"><mxPoint x="110" y="310" as="sourcePoint"/><mxPoint x="260" y="308" as="targetPoint"/></mxGeometry></mxCell><mxCell id="762b711b8eae626-38" value="dispatch" style="html=1;verticalAlign=bottom;endArrow=block;" edge="1" parent="1"><mxGeometry width="80" relative="1" as="geometry"><mxPoint x="10" y="280" as="sourcePoint"/><mxPoint x="90" y="280" as="targetPoint"/></mxGeometry></mxCell><mxCell id="762b711b8eae626-39" value="send(payload)" style="html=1;verticalAlign=bottom;endArrow=block;exitX=0.052;exitY=0.245;exitPerimeter=0;entryX=0.779;entryY=0.309;entryPerimeter=0;" edge="1" parent="1" source="762b711b8eae626-20" target="762b711b8eae626-18"><mxGeometry width="80" relative="1" as="geometry"><mxPoint x="430" y="550" as="sourcePoint"/><mxPoint x="450" y="600" as="targetPoint"/></mxGeometry></mxCell><mxCell id="762b711b8eae626-41" value="send(paylload)" style="html=1;verticalAlign=bottom;endArrow=block;entryX=1.021;entryY=0.039;entryPerimeter=0;" edge="1" parent="1" target="762b711b8eae626-34"><mxGeometry width="80" relative="1" as="geometry"><mxPoint x="420" y="570" as="sourcePoint"/><mxPoint x="500" y="570" as="targetPoint"/></mxGeometry></mxCell><mxCell id="762b711b8eae626-44" value="parse_???(self, payload)" style="html=1;verticalAlign=bottom;endArrow=block;exitX=1.033;exitY=0.485;exitPerimeter=0;" edge="1" parent="1" source="762b711b8eae626-47"><mxGeometry x="0.3302" y="20" width="80" relative="1" as="geometry"><mxPoint x="315" y="640" as="sourcePoint"/><mxPoint x="309.6666666666665" y="660" as="targetPoint"/><Array as="points"><mxPoint x="355" y="640"/><mxPoint x="405" y="640"/><mxPoint x="405" y="660"/><mxPoint x="395" y="660"/><mxPoint x="345" y="660"/></Array><mxPoint as="offset"/></mxGeometry></mxCell><mxCell id="762b711b8eae626-45" value="Use" style="endArrow=open;endSize=12;dashed=1;html=1;" edge="1" parent="1"><mxGeometry width="160" relative="1" as="geometry"><mxPoint x="10" y="360" as="sourcePoint"/><mxPoint x="170" y="360" as="targetPoint"/></mxGeometry></mxCell><mxCell id="762b711b8eae626-46" value="send string" style="endArrow=open;endSize=12;dashed=1;html=1;entryX=0.617;entryY=0.576;entryPerimeter=0;" edge="1" parent="1" target="762b711b8eae626-6"><mxGeometry width="160" relative="1" as="geometry"><mxPoint x="290" y="710" as="sourcePoint"/><mxPoint x="450" y="710" as="targetPoint"/></mxGeometry></mxCell><mxCell id="762b711b8eae626-47" value="" style="html=1;points=[];perimeter=orthogonalPerimeter;" vertex="1" parent="1"><mxGeometry x="300" y="600" width="10" height="80" as="geometry"/></mxCell><mxCell id="762b711b8eae626-50" value="print" style="html=1;verticalAlign=bottom;endArrow=open;dashed=1;endSize=8;" edge="1" parent="1"><mxGeometry relative="1" as="geometry"><mxPoint x="100" y="730" as="sourcePoint"/><mxPoint x="40" y="730" as="targetPoint"/></mxGeometry></mxCell></root></mxGraphModel>