<?xml version="1.0" encoding="UTF-8"?>
<mxGraphModel dx="827" dy="438" grid="1" gridSize="10" guides="1" tooltips="1" connect="1" arrows="1" fold="1" page="1" pageScale="1" pageWidth="640" pageHeight="440" background="#ffffff" math="0"><root><mxCell id="0"/><mxCell id="1" parent="0"/><mxCell id="17" value="ClientHandler(BaseRequestHandler)&lt;div&gt;&lt;br&gt;&lt;/div&gt;" style="swimlane;html=1;fontStyle=1;align=center;verticalAlign=top;childLayout=stackLayout;horizontal=1;startSize=26;horizontalStack=0;resizeParent=1;resizeLast=0;collapsible=1;marginBottom=0;swimlaneFillColor=#ffffff;" parent="1" vertex="1"><mxGeometry x="280" y="119" width="220" height="141" as="geometry"/></mxCell><mxCell id="18" value="&amp;nbsp;- ipv4: String&lt;div&gt;&lt;div&gt;&amp;nbsp;- port: int&lt;/div&gt;&lt;div&gt;- connection:connection&lt;/div&gt;&lt;/div&gt;" style="text;html=1;strokeColor=none;fillColor=none;align=left;verticalAlign=top;spacingLeft=4;spacingRight=4;whiteSpace=wrap;overflow=hidden;rotatable=0;points=[[0,0.5],[1,0.5]];portConstraint=eastwest;" parent="17" vertex="1"><mxGeometry y="26" width="220" height="54" as="geometry"/></mxCell><mxCell id="19" value="" style="line;html=1;strokeWidth=1;fillColor=none;align=left;verticalAlign=middle;spacingTop=-1;spacingLeft=3;spacingRight=3;rotatable=0;labelPosition=right;points=[];portConstraint=eastwest;" parent="17" vertex="1"><mxGeometry y="80" width="220" height="8" as="geometry"/></mxCell><mxCell id="20" value="&amp;nbsp;+ handle(): void&lt;div&gt;&amp;nbsp;+ close(): void&lt;/div&gt;&lt;div&gt;&amp;nbsp;+ send(payload: json-obj): void&lt;/div&gt;" style="text;html=1;strokeColor=none;fillColor=none;align=left;verticalAlign=top;spacingLeft=4;spacingRight=4;whiteSpace=wrap;overflow=hidden;rotatable=0;points=[[0,0.5],[1,0.5]];portConstraint=eastwest;" parent="17" vertex="1"><mxGeometry y="88" width="220" height="52" as="geometry"/></mxCell><mxCell id="73" style="edgeStyle=orthogonalEdgeStyle;rounded=0;html=1;exitX=1;exitY=0.5;entryX=1;entryY=0.5;jettySize=auto;orthogonalLoop=1;" edge="1" parent="1" source="29" target="18"><mxGeometry relative="1" as="geometry"/></mxCell><mxCell id="29" value="&lt;b&gt;ThreadedTCPServer(ThreadingMIxIn, TCPServer)&lt;/b&gt;&lt;div&gt;&lt;br&gt;&lt;/div&gt;" style="whiteSpace=wrap;html=1;" parent="1" vertex="1"><mxGeometry x="280" y="40" width="240" height="50" as="geometry"/></mxCell><mxCell id="34" value="Server.py" style="swimlane;html=1;fontStyle=1;align=center;verticalAlign=top;childLayout=stackLayout;horizontal=1;startSize=26;horizontalStack=0;resizeParent=1;resizeLast=0;collapsible=1;marginBottom=0;swimlaneFillColor=#ffffff;" parent="1" vertex="1"><mxGeometry x="40" y="40" width="180" height="150" as="geometry"/></mxCell><mxCell id="35" value="&lt;span&gt;- history: list(username: String, message: Message&lt;/span&gt;&lt;div&gt;&lt;br&gt;&lt;/div&gt;&lt;div&gt;- active_users: dictionary(username: String, client: ClientHandler)&lt;/div&gt;" style="text;html=1;strokeColor=none;fillColor=none;align=left;verticalAlign=top;spacingLeft=4;spacingRight=4;whiteSpace=wrap;overflow=hidden;rotatable=0;points=[[0,0.5],[1,0.5]];portConstraint=eastwest;" parent="34" vertex="1"><mxGeometry y="26" width="180" height="94" as="geometry"/></mxCell><mxCell id="36" value="" style="line;html=1;strokeWidth=1;fillColor=none;align=left;verticalAlign=middle;spacingTop=-1;spacingLeft=3;spacingRight=3;rotatable=0;labelPosition=right;points=[];portConstraint=eastwest;" parent="34" vertex="1"><mxGeometry y="120" width="180" height="8" as="geometry"/></mxCell><mxCell id="45" value="&lt;b&gt;Messagereciever(Thread)&lt;/b&gt;" style="swimlane;html=1;fontStyle=0;childLayout=stackLayout;horizontal=1;startSize=26;fillColor=none;horizontalStack=0;resizeParent=1;resizeLast=0;collapsible=1;marginBottom=0;swimlaneFillColor=#ffffff;" parent="1" vertex="1"><mxGeometry x="55" y="286" width="160" height="94" as="geometry"/></mxCell><mxCell id="46" value="+ field:run():void" style="text;html=1;strokeColor=none;fillColor=none;align=left;verticalAlign=top;spacingLeft=4;spacingRight=4;whiteSpace=wrap;overflow=hidden;rotatable=0;points=[[0,0.5],[1,0.5]];portConstraint=eastwest;" parent="45" vertex="1"><mxGeometry y="26" width="160" height="26" as="geometry"/></mxCell><mxCell id="47" value="+ field: init(client, connection):void" style="text;html=1;strokeColor=none;fillColor=none;align=left;verticalAlign=top;spacingLeft=4;spacingRight=4;whiteSpace=wrap;overflow=hidden;rotatable=0;points=[[0,0.5],[1,0.5]];portConstraint=eastwest;" parent="45" vertex="1"><mxGeometry y="52" width="160" height="38" as="geometry"/></mxCell><mxCell id="66" value="Create for each client" style="text;html=1;strokeColor=none;fillColor=none;align=center;verticalAlign=middle;whiteSpace=wrap;overflow=hidden;" vertex="1" parent="1"><mxGeometry x="170" y="10" width="160" height="20" as="geometry"/></mxCell><mxCell id="69" style="edgeStyle=orthogonalEdgeStyle;rounded=0;html=1;exitX=1;exitY=0.5;entryX=0;entryY=0.5;jettySize=auto;orthogonalLoop=1;" edge="1" parent="1" source="35" target="29"><mxGeometry relative="1" as="geometry"/></mxCell><mxCell id="70" value="Create for each client on connection" style="text;html=1;strokeColor=none;fillColor=none;align=center;verticalAlign=middle;whiteSpace=wrap;overflow=hidden;" vertex="1" parent="1"><mxGeometry x="550" y="85" width="70" height="75" as="geometry"/></mxCell><mxCell id="74" style="edgeStyle=orthogonalEdgeStyle;rounded=0;html=1;exitX=0;exitY=0.5;entryX=0;entryY=0.5;jettySize=auto;orthogonalLoop=1;" edge="1" parent="1" source="20" target="47"><mxGeometry relative="1" as="geometry"/></mxCell><mxCell id="80" style="edgeStyle=orthogonalEdgeStyle;rounded=0;html=1;exitX=0.5;exitY=0;entryX=1;entryY=0.5;jettySize=auto;orthogonalLoop=1;" edge="1" parent="1" source="75" target="20"><mxGeometry relative="1" as="geometry"/></mxCell><mxCell id="75" value="&lt;span&gt;Message coming in from client (see class diagram)&amp;nbsp;&lt;/span&gt;" style="text;html=1;strokeColor=none;fillColor=none;align=center;verticalAlign=middle;whiteSpace=wrap;overflow=hidden;" vertex="1" parent="1"><mxGeometry x="440" y="291" width="160" height="43" as="geometry"/></mxCell><mxCell id="77" value="&lt;span&gt;Payload sent to parser (see client class diagram)&lt;/span&gt;" style="text;html=1;strokeColor=none;fillColor=none;align=center;verticalAlign=middle;whiteSpace=wrap;overflow=hidden;" vertex="1" parent="1"><mxGeometry x="290" y="374" width="170" height="43" as="geometry"/></mxCell><mxCell id="81" style="edgeStyle=orthogonalEdgeStyle;rounded=0;html=1;exitX=1;exitY=0.5;entryX=0;entryY=0.5;jettySize=auto;orthogonalLoop=1;" edge="1" parent="1" source="47" target="77"><mxGeometry relative="1" as="geometry"/></mxCell></root></mxGraphModel>